Vial,Particle_type,Species,Replicate,Trial,O2_uptake rate(umol L-1 h-1),after minus MQ slope,O2_uptake_rate(umol_L-1_d-1),POC_mass(ug),POC_concentration(ug L-1),POC_concentration(umol L-1),k(d-1),Bacterial count
GHA3-1,Aggregate,G. huxleyi ,3,1,-0.953992722,1.034572722,24.82974532,31.614,1580.7,131.6153206,0.188653914,168
GHA3-2,Aggregate,G. huxleyi ,3,2,-1.255905538,1.336485538,32.07565291,35.292,1764.6,146.9275604,0.2183093,163
GHA3-3,Aggregate,G. huxleyi ,3,3,-0.938351187,1.018931187,24.45434848,4.616,230.8,19.2173189,1.272516141,169
GHA3-4,Aggregate,G. huxleyi ,3,4,-1.318331646,1.398911646,33.57387949,25.3702,1268.51,105.621149,0.317870803,170
GHFP2-2,Faecal pellet,G. huxleyi ,2,2,-0.071322654,0.168962654,4.055103701,1.2056,60.28,5.019150708,0.807926268,156
GHFP2-3,Faecal pellet,G. huxleyi ,2,3,-0.038763249,0.136403249,3.273677984,21.1068,1055.34,87.87177352,0.037255171,178
GHFP2-4,Faecal pellet,G. huxleyi ,2,4,0.003190921,0.094449079,2.266777897,18.9424,947.12,78.86094921,0.028743984,109
GHFP2-5,Faecal pellet,G. huxleyi ,2,5,-0.24311099,0.34075099,8.178023771,9.5664,478.32,39.82681099,0.205339659,134
